{"duration": 1.1925134658813477, "input_args": {"file_path": "'data\\\\flights_2024_01.csv'"}, "time": 1744266730.28655}