{"duration": 1.2059235572814941, "input_args": {"file_path": "'data\\\\flights_2024_01.csv'"}, "time": 1744276056.6182427}