{"duration": 1.193035364151001, "input_args": {"file_path": "'data\\\\flights_2024_09.csv'"}, "time": 1744276059.0583403}