{"duration": 1.1984467506408691, "input_args": {"file_path": "'data\\\\flights_2024_09.csv'"}, "time": 1744266732.7170231}