{"duration": 1.217505693435669, "input_args": {"file_path": "'data\\\\flights_2024_10.csv'"}, "time": 1744276059.0989854}