{"duration": 1.1984479427337646, "input_args": {"file_path": "'data\\\\flights_2024_10.csv'"}, "time": 1744266732.7170231}