airline,avg_duration,max_duration,nb_vols
AirFrance,338.4318181818182,597,176
BritishAirways,319.0054347826087,599,184
Delta,323.43333333333334,596,150
Emirates,320.3647798742138,597,159
Lufthansa,329.9928057553957,592,139
United,334.2447916666667,600,192
