{"duration": 1.2101445198059082, "input_args": {"file_path": "'data\\\\flights_2024_02.csv'"}, "time": 1744276056.638513}