{"duration": 1.2050442695617676, "input_args": {"file_path": "'data\\\\flights_2024_02.csv'"}, "time": 1744266730.321077}