{"duration": 1.2221736907958984, "input_args": {"file_path": "'data\\\\flights_2024_07.csv'"}, "time": 1744276057.8864791}