{"duration": 1.176778793334961, "input_args": {"file_path": "'data\\\\flights_2024_07.csv'"}, "time": 1744266731.5133731}