{"duration": 1.188018798828125, "input_args": {"file_path": "'data\\\\flights_2024_03.csv'"}, "time": 1744266730.3050513}