{"duration": 1.2153007984161377, "input_args": {"file_path": "'data\\\\flights_2024_03.csv'"}, "time": 1744276056.6486874}