{"duration": 1.2040081024169922, "input_args": {"file_path": "'data\\\\flights_2024_05.csv'"}, "time": 1744266731.5155754}