{"duration": 1.2191212177276611, "input_args": {"file_path": "'data\\\\flights_2024_05.csv'"}, "time": 1744276057.8622994}