{"duration": 1.1931452751159668, "input_args": {"file_path": "'data\\\\flights_2024_08.csv'"}, "time": 1744266731.5297396}