{"duration": 1.2206730842590332, "input_args": {"file_path": "'data\\\\flights_2024_08.csv'"}, "time": 1744276057.8889816}