{"duration": 1.2084858417510986, "input_args": {"file_path": "'data\\\\flights_2024_11.csv'"}, "time": 1744276059.098474}