{"duration": 1.1879322528839111, "input_args": {"file_path": "'data\\\\flights_2024_11.csv'"}, "time": 1744266732.7085063}