{"duration": 1.1852831840515137, "input_args": {"file_path": "'data\\\\flights_2024_12.csv'"}, "time": 1744266732.7170231}