{"duration": 1.2125096321105957, "input_args": {"file_path": "'data\\\\flights_2024_12.csv'"}, "time": 1744276059.1035044}