{"duration": 1.1944949626922607, "input_args": {"file_path": "'data\\\\flights_2024_06.csv'"}, "time": 1744266731.5185752}