{"duration": 1.2150485515594482, "input_args": {"file_path": "'data\\\\flights_2024_06.csv'"}, "time": 1744276057.878356}