{"duration": 1.2147979736328125, "input_args": {"file_path": "'data\\\\flights_2024_04.csv'"}, "time": 1744276056.644173}