{"duration": 1.201047658920288, "input_args": {"file_path": "'data\\\\flights_2024_04.csv'"}, "time": 1744266730.321077}